Title,Link,Price,Rating
Apple iPhone 16 Pro Max (256 GB) - White Titanium,https://www.amazon.in/sspa/click?ie=UTF8&spc=MTozODU2MTAwNTY0ODQzOTI4OjE3Mjk4NDAyNTM6c3BfYXRmOjMwMDMzNDU3ODM0OTEzMjo6MDo6&url=%2FApple-iPhone-Pro-Max-256%2Fdp%2FB0DGJ3L6LR%2Fref%3Dsr_1_1_sspa%3Fcrid%3D3A240ODA26YCO%26dib%3DeyJ2IjoiMSJ9.JpfRbOAMf8namabZov-4YHeLuvvimrcZEXrM-b7PmYfXTJ1abKWIbkAalnwlZxxIxXSOCX84ANoS3p-zF769jTW4Z6LI4g5LRFZtjNk6YxCBMwRXivk7kPvA2gieVipofTSNn28-ggfImXOvaDjNVABQsYoM6yRhjtikG8EK4YBWx7POrh62JlJbYh6FanjEflQoNyWf5arqCWOCZo4d0hwLGVhIjuCc88wq7a2ZMNc.S1rqHUBu2rCSGmxX1UWnEYZ1nFKCg8qMKfOXjTvbVYM%26dib_tag%3Dse%26keywords%3Diphone%2B16pro%2Bmax%26nsdOptOutParam%3Dtrue%26qid%3D1729840253%26sprefix%3Dip%252Caps%252C235%26sr%3D8-1-spons%26sp_csd%3Dd2lkZ2V0TmFtZT1zcF9hdGY%26psc%3D1,"1,44,900",5.0 out of 5 stars
Apple iPhone 16 Pro Max (256 GB) - Black Titanium,https://www.amazon.in/Apple-iPhone-Pro-Max-256/dp/B0DGJJM5HZ/ref=sr_1_2?crid=3A240ODA26YCO&dib=eyJ2IjoiMSJ9.JpfRbOAMf8namabZov-4YHeLuvvimrcZEXrM-b7PmYfXTJ1abKWIbkAalnwlZxxIxXSOCX84ANoS3p-zF769jTW4Z6LI4g5LRFZtjNk6YxCBMwRXivk7kPvA2gieVipofTSNn28-ggfImXOvaDjNVABQsYoM6yRhjtikG8EK4YBWx7POrh62JlJbYh6FanjEflQoNyWf5arqCWOCZo4d0hwLGVhIjuCc88wq7a2ZMNc.S1rqHUBu2rCSGmxX1UWnEYZ1nFKCg8qMKfOXjTvbVYM&dib_tag=se&keywords=iphone+16pro+max&nsdOptOutParam=true&qid=1729840253&sprefix=ip%2Caps%2C235&sr=8-2,"1,44,900",4.1 out of 5 stars
Apple iPhone 16 Pro (256 GB) - Natural Titanium,https://www.amazon.in/Apple-iPhone-16-Pro-256/dp/B0DGHYQQ6J/ref=sr_1_3?crid=3A240ODA26YCO&dib=eyJ2IjoiMSJ9.JpfRbOAMf8namabZov-4YHeLuvvimrcZEXrM-b7PmYfXTJ1abKWIbkAalnwlZxxIxXSOCX84ANoS3p-zF769jTW4Z6LI4g5LRFZtjNk6YxCBMwRXivk7kPvA2gieVipofTSNn28-ggfImXOvaDjNVABQsYoM6yRhjtikG8EK4YBWx7POrh62JlJbYh6FanjEflQoNyWf5arqCWOCZo4d0hwLGVhIjuCc88wq7a2ZMNc.S1rqHUBu2rCSGmxX1UWnEYZ1nFKCg8qMKfOXjTvbVYM&dib_tag=se&keywords=iphone+16pro+max&nsdOptOutParam=true&qid=1729840253&sprefix=ip%2Caps%2C235&sr=8-3,"1,29,900",3.5 out of 5 stars
Apple iPhone 16 Pro Max (256 GB) - White Titanium,https://www.amazon.in/Apple-iPhone-Pro-Max-256/dp/B0DGJ3L6LR/ref=sr_1_4?crid=3A240ODA26YCO&dib=eyJ2IjoiMSJ9.JpfRbOAMf8namabZov-4YHeLuvvimrcZEXrM-b7PmYfXTJ1abKWIbkAalnwlZxxIxXSOCX84ANoS3p-zF769jTW4Z6LI4g5LRFZtjNk6YxCBMwRXivk7kPvA2gieVipofTSNn28-ggfImXOvaDjNVABQsYoM6yRhjtikG8EK4YBWx7POrh62JlJbYh6FanjEflQoNyWf5arqCWOCZo4d0hwLGVhIjuCc88wq7a2ZMNc.S1rqHUBu2rCSGmxX1UWnEYZ1nFKCg8qMKfOXjTvbVYM&dib_tag=se&keywords=iphone+16pro+max&nsdOptOutParam=true&qid=1729840253&sprefix=ip%2Caps%2C235&sr=8-4,"1,44,900",5.0 out of 5 stars
Apple iPhone 16 Pro (128 GB) - Desert Titanium,https://www.amazon.in/Apple-iPhone-16-Pro-128/dp/B0DGJ3THPR/ref=sr_1_5?crid=3A240ODA26YCO&dib=eyJ2IjoiMSJ9.JpfRbOAMf8namabZov-4YHeLuvvimrcZEXrM-b7PmYfXTJ1abKWIbkAalnwlZxxIxXSOCX84ANoS3p-zF769jTW4Z6LI4g5LRFZtjNk6YxCBMwRXivk7kPvA2gieVipofTSNn28-ggfImXOvaDjNVABQsYoM6yRhjtikG8EK4YBWx7POrh62JlJbYh6FanjEflQoNyWf5arqCWOCZo4d0hwLGVhIjuCc88wq7a2ZMNc.S1rqHUBu2rCSGmxX1UWnEYZ1nFKCg8qMKfOXjTvbVYM&dib_tag=se&keywords=iphone+16pro+max&nsdOptOutParam=true&qid=1729840253&sprefix=ip%2Caps%2C235&sr=8-5,"1,19,900",3.5 out of 5 stars
Apple iPhone 16 Pro Max (256 GB) - Desert Titanium,https://www.amazon.in/Apple-iPhone-Pro-Max-256/dp/B0DGHYDZR9/ref=sr_1_6?crid=3A240ODA26YCO&dib=eyJ2IjoiMSJ9.JpfRbOAMf8namabZov-4YHeLuvvimrcZEXrM-b7PmYfXTJ1abKWIbkAalnwlZxxIxXSOCX84ANoS3p-zF769jTW4Z6LI4g5LRFZtjNk6YxCBMwRXivk7kPvA2gieVipofTSNn28-ggfImXOvaDjNVABQsYoM6yRhjtikG8EK4YBWx7POrh62JlJbYh6FanjEflQoNyWf5arqCWOCZo4d0hwLGVhIjuCc88wq7a2ZMNc.S1rqHUBu2rCSGmxX1UWnEYZ1nFKCg8qMKfOXjTvbVYM&dib_tag=se&keywords=iphone+16pro+max&nsdOptOutParam=true&qid=1729840253&sprefix=ip%2Caps%2C235&sr=8-6,N/A,4.2 out of 5 stars
Apple iPhone 16 Pro (512 GB) - White Titanium,https://www.amazon.in/Apple-iPhone-16-Pro-512/dp/B0DGJ8F36W/ref=sr_1_7?crid=3A240ODA26YCO&dib=eyJ2IjoiMSJ9.JpfRbOAMf8namabZov-4YHeLuvvimrcZEXrM-b7PmYfXTJ1abKWIbkAalnwlZxxIxXSOCX84ANoS3p-zF769jTW4Z6LI4g5LRFZtjNk6YxCBMwRXivk7kPvA2gieVipofTSNn28-ggfImXOvaDjNVABQsYoM6yRhjtikG8EK4YBWx7POrh62JlJbYh6FanjEflQoNyWf5arqCWOCZo4d0hwLGVhIjuCc88wq7a2ZMNc.S1rqHUBu2rCSGmxX1UWnEYZ1nFKCg8qMKfOXjTvbVYM&dib_tag=se&keywords=iphone+16pro+max&nsdOptOutParam=true&qid=1729840253&sprefix=ip%2Caps%2C235&sr=8-7,"1,49,900",3.5 out of 5 stars
Apple iPhone 15 Pro Max (256 GB) - Black Titanium,https://www.amazon.in/Apple-iPhone-Pro-Max-256/dp/B0CHWV2WYK/ref=sr_1_8?crid=3A240ODA26YCO&dib=eyJ2IjoiMSJ9.JpfRbOAMf8namabZov-4YHeLuvvimrcZEXrM-b7PmYfXTJ1abKWIbkAalnwlZxxIxXSOCX84ANoS3p-zF769jTW4Z6LI4g5LRFZtjNk6YxCBMwRXivk7kPvA2gieVipofTSNn28-ggfImXOvaDjNVABQsYoM6yRhjtikG8EK4YBWx7POrh62JlJbYh6FanjEflQoNyWf5arqCWOCZo4d0hwLGVhIjuCc88wq7a2ZMNc.S1rqHUBu2rCSGmxX1UWnEYZ1nFKCg8qMKfOXjTvbVYM&dib_tag=se&keywords=iphone+16pro+max&nsdOptOutParam=true&qid=1729840253&sprefix=ip%2Caps%2C235&sr=8-8,"1,31,900",4.4 out of 5 stars
Apple iPhone 16 (128 GB) - Teal,https://www.amazon.in/Apple-iPhone-16-128-GB/dp/B0DGJH8RYG/ref=sr_1_9?crid=3A240ODA26YCO&dib=eyJ2IjoiMSJ9.JpfRbOAMf8namabZov-4YHeLuvvimrcZEXrM-b7PmYfXTJ1abKWIbkAalnwlZxxIxXSOCX84ANoS3p-zF769jTW4Z6LI4g5LRFZtjNk6YxCBMwRXivk7kPvA2gieVipofTSNn28-ggfImXOvaDjNVABQsYoM6yRhjtikG8EK4YBWx7POrh62JlJbYh6FanjEflQoNyWf5arqCWOCZo4d0hwLGVhIjuCc88wq7a2ZMNc.S1rqHUBu2rCSGmxX1UWnEYZ1nFKCg8qMKfOXjTvbVYM&dib_tag=se&keywords=iphone+16pro+max&nsdOptOutParam=true&qid=1729840253&sprefix=ip%2Caps%2C235&sr=8-9,"79,900",4.4 out of 5 stars
Apple iPhone 16 Plus (128 GB) - White,https://www.amazon.in/Apple-iPhone-16-Plus-128/dp/B0DGJ8JQZD/ref=sr_1_10?crid=3A240ODA26YCO&dib=eyJ2IjoiMSJ9.JpfRbOAMf8namabZov-4YHeLuvvimrcZEXrM-b7PmYfXTJ1abKWIbkAalnwlZxxIxXSOCX84ANoS3p-zF769jTW4Z6LI4g5LRFZtjNk6YxCBMwRXivk7kPvA2gieVipofTSNn28-ggfImXOvaDjNVABQsYoM6yRhjtikG8EK4YBWx7POrh62JlJbYh6FanjEflQoNyWf5arqCWOCZo4d0hwLGVhIjuCc88wq7a2ZMNc.S1rqHUBu2rCSGmxX1UWnEYZ1nFKCg8qMKfOXjTvbVYM&dib_tag=se&keywords=iphone+16pro+max&nsdOptOutParam=true&qid=1729840253&sprefix=ip%2Caps%2C235&sr=8-10,"89,900",4.1 out of 5 stars
"Fire-Boltt Ninja Call Pro Plus 46.48mm (1.83 inch) Smart Watch with Bluetooth Calling, AI Voice Assistance, 120 Sports Modes IP67 Rating, 240 * 280 Pixel High Resolution (Black)",https://www.amazon.in/sspa/click?ie=UTF8&spc=MTozODU2MTAwNTY0ODQzOTI4OjE3Mjk4NDAyNTM6c3BfbXRmOjMwMDIwMjMzMjgwOTUzMjo6MDo6&url=%2FFire-Boltt-Bluetooth-Calling-Assistance-Resolution%2Fdp%2FB0BF57RN3K%2Fref%3Dsr_1_11_sspa%3Fcrid%3D3A240ODA26YCO%26dib%3DeyJ2IjoiMSJ9.JpfRbOAMf8namabZov-4YHeLuvvimrcZEXrM-b7PmYfXTJ1abKWIbkAalnwlZxxIxXSOCX84ANoS3p-zF769jTW4Z6LI4g5LRFZtjNk6YxCBMwRXivk7kPvA2gieVipofTSNn28-ggfImXOvaDjNVABQsYoM6yRhjtikG8EK4YBWx7POrh62JlJbYh6FanjEflQoNyWf5arqCWOCZo4d0hwLGVhIjuCc88wq7a2ZMNc.S1rqHUBu2rCSGmxX1UWnEYZ1nFKCg8qMKfOXjTvbVYM%26dib_tag%3Dse%26keywords%3Diphone%2B16pro%2Bmax%26nsdOptOutParam%3Dtrue%26qid%3D1729840253%26sprefix%3Dip%252Caps%252C235%26sr%3D8-11-spons%26sp_csd%3Dd2lkZ2V0TmFtZT1zcF9tdGY%26psc%3D1,999,4.1 out of 5 stars
"Ambrane Qi2 & Magsafe 15W Wireless Charger with Premium Metal Mobile Stand, Latest Qi2 for iPhone 16/15/14/13/12 All Series & Other Wireless Devices, Foldable + Free Magnetic Ring (AerosynQ S1, Gold)",https://www.amazon.in/sspa/click?ie=UTF8&spc=MTozODU2MTAwNTY0ODQzOTI4OjE3Mjk4NDAyNTM6c3BfbXRmOjMwMDMxMDU1MjgwODAzMjo6MDo6&url=%2FAmbrane-Wireless-Foldable-Magnetic-S1%2Fdp%2FB0DB55YKF6%2Fref%3Dsr_1_12_sspa%3Fcrid%3D3A240ODA26YCO%26dib%3DeyJ2IjoiMSJ9.JpfRbOAMf8namabZov-4YHeLuvvimrcZEXrM-b7PmYfXTJ1abKWIbkAalnwlZxxIxXSOCX84ANoS3p-zF769jTW4Z6LI4g5LRFZtjNk6YxCBMwRXivk7kPvA2gieVipofTSNn28-ggfImXOvaDjNVABQsYoM6yRhjtikG8EK4YBWx7POrh62JlJbYh6FanjEflQoNyWf5arqCWOCZo4d0hwLGVhIjuCc88wq7a2ZMNc.S1rqHUBu2rCSGmxX1UWnEYZ1nFKCg8qMKfOXjTvbVYM%26dib_tag%3Dse%26keywords%3Diphone%2B16pro%2Bmax%26nsdOptOutParam%3Dtrue%26qid%3D1729840253%26sprefix%3Dip%252Caps%252C235%26sr%3D8-12-spons%26sp_csd%3Dd2lkZ2V0TmFtZT1zcF9tdGY%26psc%3D1,"2,399",5.0 out of 5 stars
Apple iPhone 16 Pro (128 GB) - White Titanium,https://www.amazon.in/Apple-iPhone-16-Pro-128/dp/B0DGJBN8TV/ref=sr_1_13?crid=3A240ODA26YCO&dib=eyJ2IjoiMSJ9.JpfRbOAMf8namabZov-4YHeLuvvimrcZEXrM-b7PmYfXTJ1abKWIbkAalnwlZxxIxXSOCX84ANoS3p-zF769jTW4Z6LI4g5LRFZtjNk6YxCBMwRXivk7kPvA2gieVipofTSNn28-ggfImXOvaDjNVABQsYoM6yRhjtikG8EK4YBWx7POrh62JlJbYh6FanjEflQoNyWf5arqCWOCZo4d0hwLGVhIjuCc88wq7a2ZMNc.S1rqHUBu2rCSGmxX1UWnEYZ1nFKCg8qMKfOXjTvbVYM&dib_tag=se&keywords=iphone+16pro+max&nsdOptOutParam=true&qid=1729840253&sprefix=ip%2Caps%2C235&sr=8-13,"1,19,900",3.5 out of 5 stars
Apple iPhone 16 Pro (512 GB) - Desert Titanium,https://www.amazon.in/Apple-iPhone-16-Pro-512/dp/B0DGJ5MDWH/ref=sr_1_14?crid=3A240ODA26YCO&dib=eyJ2IjoiMSJ9.JpfRbOAMf8namabZov-4YHeLuvvimrcZEXrM-b7PmYfXTJ1abKWIbkAalnwlZxxIxXSOCX84ANoS3p-zF769jTW4Z6LI4g5LRFZtjNk6YxCBMwRXivk7kPvA2gieVipofTSNn28-ggfImXOvaDjNVABQsYoM6yRhjtikG8EK4YBWx7POrh62JlJbYh6FanjEflQoNyWf5arqCWOCZo4d0hwLGVhIjuCc88wq7a2ZMNc.S1rqHUBu2rCSGmxX1UWnEYZ1nFKCg8qMKfOXjTvbVYM&dib_tag=se&keywords=iphone+16pro+max&nsdOptOutParam=true&qid=1729840253&sprefix=ip%2Caps%2C235&sr=8-14,"1,49,900",3.5 out of 5 stars
Apple iPhone 15 Plus (256 GB) - Pink,https://www.amazon.in/Apple-iPhone-15-Plus-256/dp/B0CHX7STQQ/ref=sr_1_15?crid=3A240ODA26YCO&dib=eyJ2IjoiMSJ9.JpfRbOAMf8namabZov-4YHeLuvvimrcZEXrM-b7PmYfXTJ1abKWIbkAalnwlZxxIxXSOCX84ANoS3p-zF769jTW4Z6LI4g5LRFZtjNk6YxCBMwRXivk7kPvA2gieVipofTSNn28-ggfImXOvaDjNVABQsYoM6yRhjtikG8EK4YBWx7POrh62JlJbYh6FanjEflQoNyWf5arqCWOCZo4d0hwLGVhIjuCc88wq7a2ZMNc.S1rqHUBu2rCSGmxX1UWnEYZ1nFKCg8qMKfOXjTvbVYM&dib_tag=se&keywords=iphone+16pro+max&nsdOptOutParam=true&qid=1729840253&sprefix=ip%2Caps%2C235&sr=8-15,"89,900",4.6 out of 5 stars
Apple iPhone 16 (128 GB) - Black,https://www.amazon.in/Apple-iPhone-16-128-GB/dp/B0DGJHBX5Y/ref=sr_1_16?crid=3A240ODA26YCO&dib=eyJ2IjoiMSJ9.JpfRbOAMf8namabZov-4YHeLuvvimrcZEXrM-b7PmYfXTJ1abKWIbkAalnwlZxxIxXSOCX84ANoS3p-zF769jTW4Z6LI4g5LRFZtjNk6YxCBMwRXivk7kPvA2gieVipofTSNn28-ggfImXOvaDjNVABQsYoM6yRhjtikG8EK4YBWx7POrh62JlJbYh6FanjEflQoNyWf5arqCWOCZo4d0hwLGVhIjuCc88wq7a2ZMNc.S1rqHUBu2rCSGmxX1UWnEYZ1nFKCg8qMKfOXjTvbVYM&dib_tag=se&keywords=iphone+16pro+max&nsdOptOutParam=true&qid=1729840253&sprefix=ip%2Caps%2C235&sr=8-16,"79,900",4.4 out of 5 stars
Apple iPhone 16 (128 GB) - Ultramarine,https://www.amazon.in/Apple-iPhone-16-128-Ultramarine/dp/B0DGJ7TGDR/ref=sr_1_17?crid=3A240ODA26YCO&dib=eyJ2IjoiMSJ9.JpfRbOAMf8namabZov-4YHeLuvvimrcZEXrM-b7PmYfXTJ1abKWIbkAalnwlZxxIxXSOCX84ANoS3p-zF769jTW4Z6LI4g5LRFZtjNk6YxCBMwRXivk7kPvA2gieVipofTSNn28-ggfImXOvaDjNVABQsYoM6yRhjtikG8EK4YBWx7POrh62JlJbYh6FanjEflQoNyWf5arqCWOCZo4d0hwLGVhIjuCc88wq7a2ZMNc.S1rqHUBu2rCSGmxX1UWnEYZ1nFKCg8qMKfOXjTvbVYM&dib_tag=se&keywords=iphone+16pro+max&nsdOptOutParam=true&qid=1729840253&sprefix=ip%2Caps%2C235&sr=8-17,"79,900",4.4 out of 5 stars
Apple iPhone 13 (128GB) - Blue,https://www.amazon.in/Apple-iPhone-13-128GB-Blue/dp/B09G9BL5CP/ref=sr_1_18?crid=3A240ODA26YCO&dib=eyJ2IjoiMSJ9.JpfRbOAMf8namabZov-4YHeLuvvimrcZEXrM-b7PmYfXTJ1abKWIbkAalnwlZxxIxXSOCX84ANoS3p-zF769jTW4Z6LI4g5LRFZtjNk6YxCBMwRXivk7kPvA2gieVipofTSNn28-ggfImXOvaDjNVABQsYoM6yRhjtikG8EK4YBWx7POrh62JlJbYh6FanjEflQoNyWf5arqCWOCZo4d0hwLGVhIjuCc88wq7a2ZMNc.S1rqHUBu2rCSGmxX1UWnEYZ1nFKCg8qMKfOXjTvbVYM&dib_tag=se&keywords=iphone+16pro+max&nsdOptOutParam=true&qid=1729840253&sprefix=ip%2Caps%2C235&sr=8-18,"42,999",4.5 out of 5 stars
Apple iPhone 15 Pro Max (256 GB) - Natural Titanium,https://www.amazon.in/Apple-iPhone-Pro-Max-256/dp/B0CHX68YG9/ref=sr_1_19?crid=3A240ODA26YCO&dib=eyJ2IjoiMSJ9.JpfRbOAMf8namabZov-4YHeLuvvimrcZEXrM-b7PmYfXTJ1abKWIbkAalnwlZxxIxXSOCX84ANoS3p-zF769jTW4Z6LI4g5LRFZtjNk6YxCBMwRXivk7kPvA2gieVipofTSNn28-ggfImXOvaDjNVABQsYoM6yRhjtikG8EK4YBWx7POrh62JlJbYh6FanjEflQoNyWf5arqCWOCZo4d0hwLGVhIjuCc88wq7a2ZMNc.S1rqHUBu2rCSGmxX1UWnEYZ1nFKCg8qMKfOXjTvbVYM&dib_tag=se&keywords=iphone+16pro+max&nsdOptOutParam=true&qid=1729840253&sprefix=ip%2Caps%2C235&sr=8-19,"1,34,900",4.4 out of 5 stars
"BEVY Compatible with Black Titanium Iphone 16 Pro Max Camera Lens Protector/Iphone 16 Pro Camera Lens Protector, Camera Protector Iphone 16 Pro - Iphone 16 Pro Lens Protector",https://www.amazon.in/sspa/click?ie=UTF8&spc=MTozODU2MTAwNTY0ODQzOTI4OjE3Mjk4NDAyNTM6c3BfYnRmOjMwMDM0NzcyNzYxMTczMjo6MDo6&url=%2FBEVY-Compatible-Titanium-Iphone-Protector%2Fdp%2FB0DHZQZ623%2Fref%3Dsr_1_20_sspa%3Fcrid%3D3A240ODA26YCO%26dib%3DeyJ2IjoiMSJ9.JpfRbOAMf8namabZov-4YHeLuvvimrcZEXrM-b7PmYfXTJ1abKWIbkAalnwlZxxIxXSOCX84ANoS3p-zF769jTW4Z6LI4g5LRFZtjNk6YxCBMwRXivk7kPvA2gieVipofTSNn28-ggfImXOvaDjNVABQsYoM6yRhjtikG8EK4YBWx7POrh62JlJbYh6FanjEflQoNyWf5arqCWOCZo4d0hwLGVhIjuCc88wq7a2ZMNc.S1rqHUBu2rCSGmxX1UWnEYZ1nFKCg8qMKfOXjTvbVYM%26dib_tag%3Dse%26keywords%3Diphone%2B16pro%2Bmax%26nsdOptOutParam%3Dtrue%26qid%3D1729840253%26sprefix%3Dip%252Caps%252C235%26sr%3D8-20-spons%26sp_csd%3Dd2lkZ2V0TmFtZT1zcF9idGY%26psc%3D1,269,5.0 out of 5 stars
"PowerUP 3-in-1 Wireless Charger for iPhone, Airpods & Apple Watch with 23Watt Fast Charging - Black",https://www.amazon.in/sspa/click?ie=UTF8&spc=MTozODU2MTAwNTY0ODQzOTI4OjE3Mjk4NDAyNTM6c3BfYnRmOjMwMDE0NDUzODA0NzEzMjo6MDo6&url=%2FPOWERUP-Wireless-Charging-Foldable-Magnetic%2Fdp%2FB0CR6M6FY6%2Fref%3Dsr_1_21_sspa%3Fcrid%3D3A240ODA26YCO%26dib%3DeyJ2IjoiMSJ9.JpfRbOAMf8namabZov-4YHeLuvvimrcZEXrM-b7PmYfXTJ1abKWIbkAalnwlZxxIxXSOCX84ANoS3p-zF769jTW4Z6LI4g5LRFZtjNk6YxCBMwRXivk7kPvA2gieVipofTSNn28-ggfImXOvaDjNVABQsYoM6yRhjtikG8EK4YBWx7POrh62JlJbYh6FanjEflQoNyWf5arqCWOCZo4d0hwLGVhIjuCc88wq7a2ZMNc.S1rqHUBu2rCSGmxX1UWnEYZ1nFKCg8qMKfOXjTvbVYM%26dib_tag%3Dse%26keywords%3Diphone%2B16pro%2Bmax%26nsdOptOutParam%3Dtrue%26qid%3D1729840253%26sprefix%3Dip%252Caps%252C235%26sr%3D8-21-spons%26sp_csd%3Dd2lkZ2V0TmFtZT1zcF9idGY%26psc%3D1,"3,390",N/A
"eLzzi Magnetic Guard Designed for iPhone 16 Pro Max Pro Case Translucent Matte Hard PC + TPU Back Cover With Lens Inbuilt [Compatible with MagSafe] Anti-Scratch Shockproof Phone Case (6.9 Inch, Black)",https://www.amazon.in/sspa/click?ie=UTF8&spc=MTozODU2MTAwNTY0ODQzOTI4OjE3Mjk4NDAyNTM6c3BfYnRmOjMwMDM3Nzc4ODkwMDEzMjo6MDo6&url=%2F16-Translucent-Compatible-Anti-Scratch-Shockproof%2Fdp%2FB0DG6DDPQS%2Fref%3Dsr_1_22_sspa%3Fcrid%3D3A240ODA26YCO%26dib%3DeyJ2IjoiMSJ9.JpfRbOAMf8namabZov-4YHeLuvvimrcZEXrM-b7PmYfXTJ1abKWIbkAalnwlZxxIxXSOCX84ANoS3p-zF769jTW4Z6LI4g5LRFZtjNk6YxCBMwRXivk7kPvA2gieVipofTSNn28-ggfImXOvaDjNVABQsYoM6yRhjtikG8EK4YBWx7POrh62JlJbYh6FanjEflQoNyWf5arqCWOCZo4d0hwLGVhIjuCc88wq7a2ZMNc.S1rqHUBu2rCSGmxX1UWnEYZ1nFKCg8qMKfOXjTvbVYM%26dib_tag%3Dse%26keywords%3Diphone%2B16pro%2Bmax%26nsdOptOutParam%3Dtrue%26qid%3D1729840253%26sprefix%3Dip%252Caps%252C235%26sr%3D8-22-spons%26sp_csd%3Dd2lkZ2V0TmFtZT1zcF9idGY%26psc%3D1,399,4.6 out of 5 stars
